msg_id,context_groups
285990,0
285991,0
285992,0
285993,0
285994,0
285995,0
285996,0
285997,0
285998,0
285999,0
286000,0
286001,0
286002,0
286003,0
286004,0
286005,0
286006,0
286007,0
286008,0
286009,0
286010,0
286011,0
286012,0
286013,0
286014,0
286015,0
286016,0
286017,0
286018,0
286019,0
286020,0
286021,0
286022,0
286023,0
286024,0
286025,0
286026,0
286027,0
286028,0
286029,0
286030,0
286031,0
286032,0
286033,0
286034,0
286035,0
286036,0
286037,0
286038,0
286039,0
286040,0
286041,0
286042,0
286043,0
286044,0
286045,0
286046,0
286047,0
286048,0
286049,0
286050,0
286051,0
286052,0
286053,0
286054,0
286055,0
286056,0
286057,0
286058,0
286059,0
286060,0
286061,0
286062,0
286063,0
286064,0
286065,0
286066,0
286067,0
286068,0
286069,0
286070,0
286071,0
286073,0
286074,0
286075,0
286076,0
286077,0
286078,0
286079,0
286080,0
286081,0
286082,0
286083,0
286084,0
286085,0
286086,0
286087,0
286088,0
286089,0
286091,0
286092,0
286093,0
286094,0
286096,0
286097,0
286100,0
286101,0
286102,0
286103,0
286104,0
286105,0
286106,0
286109,0
286110,0
286111,0
286112,0
286114,0
286115,0
286116,0
286117,0
286118,0
286119,0
286120,0
286121,0
